-- phpMyAdmin SQL Dump
-- version 5.1.0
-- https://www.phpmyadmin.net/
--
-- 主機： localhost:8889
-- 產生時間： 2022 年 07 月 07 日 17:38
-- 伺服器版本： 5.7.34
-- PHP 版本： 8.0.8

SET SQL_MODE = "NO_AUTO_VALUE_ON_ZERO";
START TRANSACTION;
SET time_zone = "+00:00";


/*!40101 SET @OLD_CHARACTER_SET_CLIENT=@@CHARACTER_SET_CLIENT */;
/*!40101 SET @OLD_CHARACTER_SET_RESULTS=@@CHARACTER_SET_RESULTS */;
/*!40101 SET @OLD_COLLATION_CONNECTION=@@COLLATION_CONNECTION */;
/*!40101 SET NAMES utf8mb4 */;

--
-- 資料庫： `project`
--

-- --------------------------------------------------------

--
-- 資料表結構 `coupon`
--

CREATE TABLE `coupon` (
  `id` int(30) UNSIGNED NOT NULL,
  `reason` varchar(50) NOT NULL,
  `price` int(5) NOT NULL
) ENGINE=InnoDB DEFAULT CHARSET=utf8;

--
-- 傾印資料表的資料 `coupon`
--

INSERT INTO `coupon` (`id`, `reason`, `price`) VALUES
(1, '夏天就是要相聚，Unii在酷熱炎夏，在你心裡注入一股沁涼。', 200),
(2, 'Oh～Bye，少說一點，想陪你不只一天，多一點，讓我心甘情願～Unii友你!\n', 250),
(3, '抓住春天的尾巴，迎接美好的夏日戀曲，讓我們一起在餐桌上尋找下一個適合的你，Unii!', 300),
(4, 'BTS單飛不解散，Army們別傷心，有我友你!', 100);

-- --------------------------------------------------------

--
-- 資料表結構 `dish`
--

CREATE TABLE `dish` (
  `id` int(30) NOT NULL,
  `name` varchar(100) NOT NULL,
  `price` varchar(25) NOT NULL,
  `description` text NOT NULL,
  `photo` varchar(100) DEFAULT NULL,
  `shop_id` int(11) NOT NULL
) ENGINE=InnoDB DEFAULT CHARSET=utf8;

--
-- 傾印資料表的資料 `dish`
--

INSERT INTO `dish` (`id`, `name`, `price`, `description`, `photo`, `shop_id`) VALUES
(1, '紹興醉雞', '320', '醃製獨特醬料，佐以紹興酒提味，讓雞腿的口感更加軟嫩', '/shopbackstage/chi.png', 3),
(2, '小籠包', '340', '台灣角瓜及絲瓜，搭配美味的鮮蝦，激盪出完美甜脆口感比例', '/shopbackstage/bow1.png', 3),
(3, '紅燒牛肉麵', '260', '精心熬製的牛骨湯頭，肉質軟嫩鮮甜，湯頭馨香濃郁', '/shopbackstage/cow.png', 3),
(4, '排骨蛋炒飯', '240', '呈現金黃色澤的炒飯，蛋花均勻密布，每口咀嚼皆富含蛋香與蔥香', '/shopbackstage/rice.png', 3),
(5, '紅油抄手', '180', '特選上等鮮蝦輔以細切豬肉餡，包裹在薄透Q滑的麵皮中，淋上特製紅油醬汁並以蔥末提味', '/shopbackstage/hand.png', 3),
(6, '銀耳四寶甜湯', '90', '由銀耳、蓮子、紅棗、白果、桂圓、冰糖等六種嚴選食材慢火燉煮', '/shopbackstage/soup.png', 3),
(7, '鮮肉大包', '90', '鮮美肉餡，口感紮實富嚼勁，內餡鮮美而不油膩', '/shopbackstage/meat.png', 3),
(8, '莧菜腐竹', '190', '新鮮莧菜，加上豆香濃郁的腐竹大火快炒，再佐以紹興酒提香', '/shopbackstage/ve.png', 3),
(9, '松露鮮菇盅', '210', '牛肝菌作為湯底基調，搭配經典義大利黑松露及山藥鮮菇', '/shopbackstage/mu.png', 3),
(10, '蝦肉煎餃', '200', '鮮嫩多汁的豬肉餡、搭配清甜爽口的鮮蝦，紮實飽滿的內餡、層次分明', '/shopbackstage/bow3.png', 3),
(17, '白丸元味', '230', '是經典原味的豚骨拉麵，口味香醇順口，最能品嘗到豚骨的純粹與甘甜', '/shopbackstage/noo1.png', 6),
(18, '辣肉味噌', '270', '精燉豚骨湯底，加入特製辣肉味噌醬，可同時享受到濃醇香辣等多層次味覺', '/shopbackstage/noo3.png', 6),
(19, '大名家豚骨', '290', '經典的豚骨湯與精燉雞白湯，融合大蒜與雞油增添香氣', '/shopbackstage/noo4.png', 6),
(20, '唐揚炸雞', '150', '蒜頭與胡椒的風味十足，是一風堂知名的招牌美味', '/shopbackstage/n1.png', 6),
(21, '薯條', '109', '原味薯條搭配肉醬美乃滋風味', '/shopbackstage/n2.png', 6),
(22, '照燒燻雞蕈菇炊飯', '159', '陶板屋好好吃', '/shopbackstage/n2.png', 5),
(35, '炭香和風牛丼\r\n\r\n', '169', '好吃', '/shopbackstage/n2.png', 5),
(36, '極上天婦羅佐烏龍冷麵\r\n\r\n', '179', '好吃', '/shopbackstage/n2.png', 5),
(37, '蒲燒鯛蕈菇炊飯', '189', '好吃', '/shopbackstage/n2.png', 5),
(38, '香蒜瓦片牛肉', '300', '好吃', '/shopbackstage/n2.png', 5),
(39, '紫玉珍珠丸', '100', '\r\n村民食堂好吃', '/shopbackstage/n2.png', 1),
(40, '港式生抽蝦', '250', '好吃', '/shopbackstage/n2.png', 1),
(41, '秘製粵式酥排', '250', '好吃', '/shopbackstage/n2.png', 1),
(42, '泰式檸檬魚', '300', '好吃', '/shopbackstage/n2.png', 1),
(43, '黃金芝麻球', '100', '好吃', '/shopbackstage/n2.png', 1),
(44, '上湯火腿通心粉', '250', '好吃', '/shopbackstage/n2.png', 1),
(45, '酸辣滴咔泰檸脆雞', '72', '肯德基好吃', '/shopbackstage/n2.png', 11),
(46, '濃厚切達起司圈咔啦雞腿堡', '139', '好吃', '/shopbackstage/n2.png', 11),
(47, '青花椒香麻咔啦雞腿堡', '119', '好吃', '/shopbackstage/n2.png', 11),
(48, '義式香草紙包雞', '126', '好吃', '/shopbackstage/n2.png', 11),
(49, '莓果奶酥撻\r\n', '52', '好吃', '/shopbackstage/n2.png', 11),
(50, '白桃QQ氣泡飲', '65', '好吃', '/shopbackstage/n2.png', 11),
(51, '辣鮪魚花壽司', '180', '藝奇好吃', '111', 8),
(52, '牛叻釜飯', '170', '好吃', '111', 8),
(53, '黑毛和牛石岩板燒', '450', '好吃', '11', 8),
(54, '白玉甜品盛合', '380', '好吃', '11', 8),
(55, '黃金活硯土瓶蒸', '300', '好吃', '111', 8),
(56, '抹茶海鹽奶蓋', '180', '好喝', '111', 8),
(57, '黃金咖哩雞', '300', '饗泰多好吃', '111', 4),
(58, '爆爽辣炒牛', '350', '好吃', '11', 4),
(59, '冠軍月亮蝦餅', '250', '好吃', '11', 4),
(60, '蝦醬空心菜', '300', '好吃', '111', 4),
(61, '扒飯打拋豬', '350', '好吃', '111', 4),
(62, '泰式奶茶', '180', '好喝', '111', 4),
(63, '港式牛肉麵', '208', '添好運好吃', '111', 2),
(64, '鮮蝦燒賣皇', '148', '好吃', '11', 2),
(65, '葱花雪蛋腸粉', '128', '好吃', '111', 2),
(66, '蟲草猴頭菇燉湯', '148', '好喝', '22', 2),
(67, '楊枝甘露 ', '148', '好吃', '22', 2),
(68, '酥皮焗叉燒包', '148', '好吃', '１１', 2),
(69, '全菜色任意吃到飽', '600', '漢來好吃', '111', 12),
(70, '藍帶雞排奶油烤飯', '360', '貳樓好吃', '11', 15),
(71, '總匯活力歐姆蕾', '290', '好吃', '11', 15),
(72, '香辣泰式雙料寬麵', '280', '好吃', '33', 15),
(73, '烏斯特肉醬牛肉起堡', '290', '好吃', '22', 15),
(74, '經典凱薩沙拉', '180', '好吃', '22', 15),
(75, '檸檬磅蛋糕', '200', '好吃', '22', 15),
(76, '小麥白啤酒', '160', '好喝', '22', 15),
(77, '蕃茄雪花牛義大利麵', '270', 'nini好吃', '22', 13),
(78, '蕃茄海鮮義大利麵', '320', '2', '2', 13),
(79, '夏威夷鮮蝦披薩', '190', '1', '1', 13),
(80, '燻鮭魚沙拉', '320', '3', '2', 13),
(81, '脆皮豬腳', '590', '2', '2', 13),
(82, '鳳梨鮮蝦燉飯', '320', '1', '1', 13),
(83, '香濃起司條', '220', '1', '1', 13),
(84, '蜜香優格鮮果沙拉', '250', '王品好吃', '1', 14),
(85, '松露蕈菇濃湯', '300', '2', '2', 14),
(86, '法式紅酒燉牛肉', '290', '2', '2', 14),
(87, '海鮮清湯', '300', '2', '2', 14),
(88, '脆皮德國豬腳', '290', 's', 's', 14),
(89, '醬香魷魚佐淡菜', '290', '2', '2', 14);

-- --------------------------------------------------------

--
-- 資料表結構 `groups`
--

CREATE TABLE `groups` (
  `id` int(5) UNSIGNED NOT NULL,
  `start_time` date NOT NULL,
  `end_time` date NOT NULL,
  `eating_date` date NOT NULL,
  `eating_time` int(30) NOT NULL,
  `now_num` int(30) NOT NULL DEFAULT '0',
  `goal_num` int(20) NOT NULL,
  `price` int(6) UNSIGNED NOT NULL,
  `shop_id` int(20) NOT NULL,
  `established` int(3) NOT NULL DEFAULT '0'
) ENGINE=InnoDB DEFAULT CHARSET=utf8;

--
-- 傾印資料表的資料 `groups`
--

INSERT INTO `groups` (`id`, `start_time`, `end_time`, `eating_date`, `eating_time`, `now_num`, `goal_num`, `price`, `shop_id`, `established`) VALUES
(1, '2022-04-13', '2022-04-18', '2022-04-20', 2, 9, 6, 500, 10, 1),
(2, '2022-04-15', '2022-04-19', '2022-04-23', 1, 4, 2, 500, 2, 1),
(3, '2022-04-10', '2022-04-20', '2022-04-26', 3, 6, 5, 350, 3, 1),
(4, '2022-04-23', '2022-04-29', '2022-05-02', 3, 3, 2, 450, 3, 1),
(5, '2022-05-02', '2022-05-12', '2022-05-20', 3, 1, 4, 350, 3, 0),
(6, '2022-05-06', '2022-05-15', '2022-05-20', 3, 3, 2, 300, 14, 1),
(7, '2022-05-12', '2022-05-20', '2022-05-27', 2, 4, 6, 450, 2, 0),
(8, '2022-05-28', '2022-06-10', '2022-06-18', 3, 2, 5, 400, 3, 0),
(9, '2022-06-10', '2022-06-19', '2022-06-26', 2, 5, 3, 500, 11, 1),
(10, '2022-06-17', '2022-06-17', '2022-06-17', 1, 4, 3, 550, 1, 1),
(11, '2022-06-28', '2022-07-10', '2022-07-12', 2, 3, 4, 400, 15, 0),
(12, '2022-06-29', '2022-07-13', '2022-07-19', 2, 0, 4, 300, 5, 0),
(13, '2022-06-29', '2022-07-13', '2022-07-20', 3, 2, 2, 500, 1, 1),
(14, '2022-06-15', '2022-06-30', '2022-07-10', 3, 2, 6, 500, 11, 0),
(15, '2022-06-29', '2022-07-08', '2022-07-15', 2, 3, 3, 350, 6, 1),
(16, '2022-06-25', '2022-07-07', '2022-07-12', 3, 2, 5, 580, 15, 0),
(17, '2022-06-27', '2022-07-08', '2022-07-14', 1, 3, 5, 400, 2, 0),
(18, '2022-06-24', '2022-07-03', '2022-07-08', 3, 1, 7, 350, 9, 0),
(19, '2022-06-22', '2022-07-01', '2022-07-05', 2, 1, 4, 200, 2, 0),
(20, '2022-06-30', '2022-07-09', '2022-07-13', 2, 3, 4, 560, 1, 0),
(21, '2022-07-01', '2022-07-07', '2022-07-13', 3, 5, 4, 550, 8, 1),
(22, '2022-06-29', '2022-07-09', '2022-07-15', 3, 1, 2, 400, 8, 0),
(23, '2022-06-30', '2022-07-10', '2022-07-16', 2, 0, 4, 350, 6, 0),
(24, '2022-06-30', '2022-07-08', '2022-07-17', 1, 0, 6, 500, 1, 0),
(25, '2022-06-26', '2022-07-10', '2022-07-15', 2, 2, 4, 600, 3, 0),
(26, '2022-07-01', '2022-07-10', '2022-07-14', 3, 2, 4, 550, 4, 0),
(27, '2022-06-29', '2022-07-01', '2022-07-09', 3, 2, 4, 300, 4, 0),
(28, '2022-06-28', '2022-07-08', '2022-07-14', 3, 5, 6, 550, 5, 0),
(29, '2022-06-28', '2022-07-10', '2022-07-16', 2, 1, 6, 0, 6, 0),
(30, '2022-06-29', '2022-07-09', '2022-07-14', 2, 4, 5, 350, 6, 0),
(31, '2022-06-25', '2022-06-30', '2022-07-02', 2, 4, 3, 350, 6, 1),
(32, '2022-06-27', '2022-07-04', '2022-07-09', 2, 1, 4, 400, 7, 0),
(33, '2022-07-01', '2022-07-13', '2022-07-23', 3, 2, 6, 400, 8, 0),
(34, '2022-07-02', '2022-07-16', '2022-07-19', 3, 3, 5, 450, 9, 0),
(35, '2022-07-02', '2022-07-12', '2022-07-18', 3, 1, 6, 350, 9, 0),
(36, '2022-07-02', '2022-07-11', '2022-07-18', 3, 1, 5, 300, 9, 0),
(37, '2022-07-01', '2022-07-09', '2022-07-13', 3, 2, 4, 350, 11, 0),
(38, '2022-07-02', '2022-07-10', '2022-07-19', 2, 5, 4, 500, 12, 1),
(39, '2022-07-01', '2022-07-11', '2022-07-19', 2, 0, 5, 450, 11, 0),
(40, '2022-07-01', '2022-07-09', '2022-07-15', 2, 1, 5, 350, 13, 0),
(41, '2022-07-02', '2022-07-14', '2022-07-19', 3, 1, 4, 350, 14, 0),
(42, '2022-07-01', '2022-07-13', '2022-07-18', 3, 0, 4, 300, 14, 0),
(43, '2022-07-04', '2022-07-14', '2022-07-20', 2, 0, 5, 300, 1, 0),
(44, '2022-07-01', '2022-07-10', '2022-07-15', 3, 1, 8, 400, 5, 0),
(45, '2022-07-02', '2022-07-19', '2022-07-23', 2, 2, 3, 350, 6, 0),
(46, '2022-06-27', '2022-07-09', '2022-07-13', 3, 1, 3, 500, 12, 0),
(47, '2022-06-28', '2022-07-07', '2022-07-16', 1, 5, 3, 550, 1, 1),
(48, '2022-06-29', '2022-07-08', '2022-07-11', 3, 3, 5, 500, 5, 0),
(49, '2022-06-29', '2022-07-07', '2022-07-19', 1, 0, 4, 300, 6, 0),
(50, '2022-07-01', '2022-07-09', '2022-07-14', 3, 4, 3, 450, 10, 1),
(51, '2022-07-02', '2022-07-13', '2022-07-19', 2, 0, 6, 300, 4, 0),
(52, '2022-07-01', '2022-07-10', '2022-07-17', 2, 0, 6, 400, 5, 0),
(53, '2022-07-03', '2022-07-13', '2022-07-19', 3, 1, 3, 300, 6, 0),
(54, '2022-07-04', '2022-07-14', '2022-07-20', 3, 1, 5, 400, 7, 0),
(55, '2022-07-01', '2022-07-11', '2022-07-15', 3, 0, 5, 450, 8, 0),
(56, '2022-07-03', '2022-07-16', '2022-07-22', 2, 0, 6, 400, 9, 0),
(57, '2022-07-06', '2022-07-12', '2022-07-21', 2, 0, 3, 300, 10, 0),
(58, '2021-06-23', '2022-07-21', '2022-08-17', 2, 2, 4, 400, 4, 0),
(59, '2022-07-06', '2022-07-15', '2022-07-23', 1, 2, 4, 600, 3, 0),
(60, '2022-06-29', '2022-07-14', '2022-07-18', 2, 4, 3, 500, 3, 1);

-- --------------------------------------------------------

--
-- 資料表結構 `groups_and_dish`
--

CREATE TABLE `groups_and_dish` (
  `id` int(30) NOT NULL,
  `groups_id` int(30) NOT NULL,
  `dish_id` int(30) NOT NULL
) ENGINE=InnoDB DEFAULT CHARSET=utf8;

--
-- 傾印資料表的資料 `groups_and_dish`
--

INSERT INTO `groups_and_dish` (`id`, `groups_id`, `dish_id`) VALUES
(1, 3, 1),
(2, 3, 2),
(3, 3, 3),
(4, 2, 4),
(5, 25, 1),
(6, 25, 2),
(7, 25, 3),
(8, 25, 4),
(9, 25, 5),
(10, 25, 6),
(11, 25, 7),
(12, 25, 8),
(13, 25, 9),
(14, 25, 10),
(15, 15, 17),
(16, 15, 18),
(17, 15, 19),
(18, 15, 20),
(19, 15, 21),
(20, 49, 0),
(21, 49, 1),
(22, 49, 3),
(23, 59, 0),
(24, 59, 1),
(25, 59, 4),
(26, 59, 5),
(27, 48, 38),
(28, 48, 22),
(29, 48, 35),
(30, 48, 36),
(31, 48, 37),
(32, 20, 39),
(33, 20, 40),
(34, 20, 41),
(35, 20, 42),
(36, 20, 43),
(37, 37, 45),
(38, 37, 46),
(39, 37, 47),
(40, 37, 48),
(41, 37, 49),
(42, 37, 50),
(43, 50, 1),
(44, 50, 2),
(45, 50, 3),
(46, 50, 4),
(47, 50, 5),
(48, 50, 6),
(49, 50, 7),
(50, 50, 8),
(51, 50, 9),
(52, 50, 10),
(53, 21, 51),
(54, 21, 52),
(55, 21, 53),
(56, 21, 54),
(57, 21, 55),
(58, 21, 56),
(59, 26, 57),
(60, 26, 58),
(61, 26, 59),
(62, 26, 60),
(63, 26, 61),
(64, 26, 62),
(65, 17, 63),
(66, 17, 64),
(67, 17, 65),
(68, 17, 66),
(69, 17, 67),
(70, 17, 68),
(71, 30, 17),
(72, 30, 18),
(73, 30, 19),
(74, 30, 20),
(75, 30, 21),
(76, 28, 22),
(77, 28, 35),
(78, 28, 36),
(79, 28, 37),
(80, 28, 38),
(81, 55, 51),
(82, 55, 52),
(83, 55, 53),
(84, 55, 54),
(85, 55, 55),
(86, 55, 56),
(87, 46, 69),
(88, 16, 70),
(89, 16, 71),
(90, 16, 72),
(91, 16, 73),
(92, 16, 74),
(93, 16, 75),
(94, 16, 76),
(95, 40, 77),
(96, 40, 78),
(97, 40, 79),
(98, 40, 80),
(99, 40, 81),
(100, 40, 82),
(101, 40, 83),
(102, 42, 84),
(103, 42, 85),
(104, 42, 86),
(105, 42, 87),
(106, 42, 88),
(107, 42, 89),
(108, 23, 17),
(109, 23, 18),
(110, 23, 19),
(111, 23, 20),
(112, 23, 21),
(113, 22, 51),
(114, 22, 52),
(115, 22, 53),
(116, 22, 54),
(117, 22, 55),
(118, 22, 56),
(119, 33, 51),
(120, 33, 52),
(121, 33, 53),
(122, 33, 54),
(123, 33, 55),
(124, 33, 56),
(125, 11, 70),
(126, 11, 71),
(127, 11, 72),
(128, 11, 73),
(129, 11, 74),
(130, 11, 75),
(131, 11, 76),
(132, 44, 22),
(133, 44, 35),
(134, 44, 36),
(135, 44, 37),
(136, 44, 38),
(143, 47, 39),
(144, 47, 40),
(145, 47, 41),
(146, 47, 42),
(147, 47, 43),
(148, 47, 44),
(149, 24, 39),
(150, 24, 40),
(151, 24, 41),
(152, 24, 44),
(153, 24, 43),
(154, 24, 42),
(161, 52, 22),
(162, 52, 38),
(163, 52, 37),
(164, 52, 36),
(165, 52, 35),
(166, 58, 57),
(167, 58, 59),
(168, 58, 58),
(169, 58, 61),
(170, 58, 60),
(171, 58, 62),
(172, 51, 62),
(173, 51, 61),
(174, 51, 60),
(175, 51, 59),
(176, 51, 58),
(177, 51, 57),
(178, 39, 45),
(179, 39, 47),
(180, 39, 46),
(181, 39, 48),
(182, 39, 50),
(183, 39, 49),
(184, 60, 0),
(185, 60, 2),
(186, 60, 7),
(187, 60, 5),
(188, 60, 8),
(189, 60, 9),
(190, 60, 3);

-- --------------------------------------------------------

--
-- 資料表結構 `level_name`
--

CREATE TABLE `level_name` (
  `id` int(2) UNSIGNED NOT NULL,
  `name` varchar(10) NOT NULL
) ENGINE=InnoDB DEFAULT CHARSET=utf8mb4;

--
-- 傾印資料表的資料 `level_name`
--

INSERT INTO `level_name` (`id`, `name`) VALUES
(1, '綠寶石'),
(2, '藍寶石'),
(3, '紅寶石'),
(4, '鑽石');

-- --------------------------------------------------------

--
-- 資料表結構 `orders`
--

CREATE TABLE `orders` (
  `id` int(30) NOT NULL,
  `orderlist_id` int(30) NOT NULL DEFAULT '0',
  `user_id` int(30) NOT NULL,
  `groups_id` int(30) NOT NULL,
  `payable` int(30) NOT NULL DEFAULT '0'
) ENGINE=InnoDB DEFAULT CHARSET=utf8mb4 COLLATE=utf8mb4_unicode_ci;

--
-- 傾印資料表的資料 `orders`
--

INSERT INTO `orders` (`id`, `orderlist_id`, `user_id`, `groups_id`, `payable`) VALUES
(1, 0, 3, 1, 2),
(2, 0, 10, 1, 2),
(3, 0, 5, 1, 2),
(4, 0, 6, 1, 2),
(5, 0, 2, 2, 2),
(6, 0, 1, 4, 2),
(7, 0, 2, 5, 0),
(10, 0, 8, 1, 2),
(11, 0, 1, 9, 2),
(12, 0, 5, 2, 2),
(13, 0, 1, 6, 2),
(14, 0, 6, 1, 2),
(15, 0, 1, 2, 2),
(16, 0, 4, 1, 2),
(18, 0, 1, 18, 0),
(20, 0, 1, 1, 2),
(21, 0, 2, 32, 0),
(22, 0, 4, 37, 0),
(23, 0, 1, 54, 0),
(24, 0, 3, 15, 1),
(25, 0, 1, 48, 0),
(26, 0, 2, 46, 1),
(27, 0, 4, 37, 0),
(28, 0, 4, 15, 1),
(29, 0, 3, 46, 0),
(30, 0, 4, 48, 0),
(31, 0, 6, 48, 0),
(32, 0, 9, 21, 1),
(33, 0, 10, 21, 1),
(34, 0, 5, 21, 1),
(35, 0, 3, 21, 1),
(36, 0, 8, 21, 1),
(37, 0, 4, 50, 1),
(38, 0, 2, 50, 1),
(39, 0, 1, 50, 1),
(40, 0, 9, 50, 1),
(41, 0, 10, 26, 0),
(42, 0, 6, 26, 0),
(43, 0, 2, 17, 0),
(44, 0, 3, 17, 0),
(45, 0, 7, 17, 0),
(46, 0, 7, 30, 0),
(47, 0, 10, 30, 0),
(48, 0, 6, 30, 0),
(49, 0, 2, 30, 0),
(50, 0, 16, 28, 0),
(51, 0, 14, 28, 0),
(52, 0, 11, 28, 0),
(53, 0, 13, 28, 0),
(54, 0, 10, 28, 0),
(55, 0, 14, 25, 0),
(56, 0, 11, 25, 0),
(57, 0, 5, 16, 0),
(58, 0, 7, 16, 0),
(59, 0, 3, 2, 2),
(60, 0, 9, 1, 2),
(61, 0, 3, 22, 0),
(62, 0, 3, 15, 1),
(63, 0, 5, 33, 0),
(64, 0, 4, 33, 0),
(65, 0, 8, 3, 1),
(66, 0, 9, 3, 1),
(67, 0, 4, 59, 0),
(68, 0, 6, 59, 0),
(69, 0, 3, 7, 0),
(70, 0, 4, 7, 0),
(71, 0, 5, 7, 0),
(72, 0, 9, 7, 0),
(73, 0, 6, 8, 0),
(74, 0, 7, 8, 0),
(75, 0, 6, 31, 1),
(76, 0, 8, 31, 1),
(77, 0, 3, 31, 1),
(78, 0, 10, 31, 1),
(79, 0, 11, 11, 0),
(80, 0, 12, 11, 0),
(81, 0, 8, 11, 0),
(83, 0, 5, 13, 1),
(84, 0, 9, 13, 1),
(85, 0, 10, 14, 0),
(86, 0, 7, 14, 0),
(87, 0, 10, 19, 0),
(88, 0, 13, 20, 0),
(89, 0, 8, 20, 0),
(90, 0, 6, 20, 0),
(91, 0, 8, 27, 0),
(92, 0, 10, 27, 0),
(93, 0, 10, 29, 0),
(94, 0, 11, 53, 0),
(95, 0, 9, 34, 0),
(96, 0, 13, 34, 0),
(97, 0, 12, 34, 0),
(98, 0, 9, 35, 0),
(99, 0, 5, 36, 0),
(100, 0, 14, 38, 0),
(101, 0, 13, 38, 0),
(102, 0, 10, 38, 0),
(103, 0, 11, 38, 0),
(104, 0, 7, 38, 0),
(105, 0, 10, 40, 0),
(106, 0, 7, 41, 0),
(107, 0, 13, 45, 0),
(108, 0, 11, 45, 0),
(109, 0, 10, 44, 0),
(110, 0, 13, 47, 0),
(111, 0, 12, 47, 0),
(112, 0, 3, 47, 0),
(113, 0, 4, 47, 0),
(114, 0, 2, 47, 0),
(115, 0, 5, 6, 2),
(116, 0, 3, 6, 2),
(117, 0, 3, 4, 2),
(118, 0, 9, 4, 2),
(119, 0, 12, 10, 2),
(120, 0, 11, 10, 2),
(121, 0, 9, 10, 2),
(122, 0, 5, 10, 2),
(123, 0, 10, 60, 1),
(124, 0, 9, 60, 1),
(125, 0, 13, 60, 1),
(126, 0, 6, 60, 1),
(127, 0, 10, 3, 1),
(128, 0, 11, 3, 1),
(129, 0, 12, 3, 1),
(130, 0, 13, 3, 1);

-- --------------------------------------------------------

--
-- 資料表結構 `receipt`
--

CREATE TABLE `receipt` (
  `id` int(11) NOT NULL,
  `orders_id` int(11) NOT NULL,
  `total` int(100) UNSIGNED NOT NULL
) ENGINE=InnoDB DEFAULT CHARSET=utf8mb4 COLLATE=utf8mb4_unicode_ci;

--
-- 傾印資料表的資料 `receipt`
--

INSERT INTO `receipt` (`id`, `orders_id`, `total`) VALUES
(1, 1, 500),
(2, 2, 450),
(3, 3, 400),
(4, 4, 250),
(5, 5, 400),
(7, 11, 350),
(8, 13, 300),
(9, 20, 530),
(10, 15, 350),
(11, 6, 400),
(12, 115, 300),
(13, 116, 250),
(14, 10, 500),
(15, 14, 450),
(16, 16, 500),
(17, 40, 400),
(18, 117, 450),
(19, 118, 400),
(20, 119, 500),
(21, 120, 550),
(22, 121, 500),
(23, 122, 450);

-- --------------------------------------------------------

--
-- 資料表結構 `shop`
--

CREATE TABLE `shop` (
  `id` int(3) NOT NULL,
  `name` varchar(20) CHARACTER SET utf8mb4 COLLATE utf8mb4_unicode_ci NOT NULL,
  `account` varchar(30) CHARACTER SET utf8mb4 COLLATE utf8mb4_unicode_ci NOT NULL,
  `password` varchar(30) CHARACTER SET utf8mb4 COLLATE utf8mb4_unicode_ci NOT NULL,
  `phone` varchar(40) CHARACTER SET utf8mb4 COLLATE utf8mb4_unicode_ci NOT NULL,
  `address` varchar(100) CHARACTER SET utf8mb4 COLLATE utf8mb4_unicode_ci NOT NULL,
  `description` text CHARACTER SET utf8mb4 COLLATE utf8mb4_unicode_ci NOT NULL,
  `img` varchar(50) CHARACTER SET utf8mb4 COLLATE utf8mb4_unicode_ci NOT NULL,
  `banner` varchar(1000) NOT NULL
) ENGINE=InnoDB DEFAULT CHARSET=utf8;

--
-- 傾印資料表的資料 `shop`
--

INSERT INTO `shop` (`id`, `name`, `account`, `password`, `phone`, `address`, `description`, `img`, `banner`) VALUES
(1, '村民食堂', 'villager@test.com', '123456', '03-339-868', '桃園市桃園區中正路1078號', '無距離享受與自然和諧共處，讓每個人在繁忙之餘，也能擁有輕鬆的步調，與家人朋友相聚用餐，共享歡樂！', '/shopImg/Villager.jpg', '/shopBanner/Villager.jpg'),
(2, '添好運', 'timhowan@test.com', '123456', '03-468-0678', '320桃園市中壢區中園路二段501號', '麥桂培師傅於港式點心領域有近四十年的經歷，\n為了提供一般民眾可負擔的「美味平民點心」，\n希望讓大眾都能品嚐到平價且美味的點心，於2009年成立添好運點心專門店，\n不但迅速獲得米其林一星的肯定，並成為各國饕客到香港必定朝聖的美味名店！', '/shopImg/Timhowan.jpg', '/shopBanner/Timhowan.jpg'),
(3, '鼎泰豐', 'DinTaiFung@test.com', '123456', '02-8772-0528', '台北市忠孝東路三段３００號Ｂ２', '鼎泰豐是臺灣一家以麵食產銷為主的連鎖餐廳，以小籠包聞名。1958年開設於臺北市信義路，最初爲流行而於1970年代起兼賣小籠包，從此發跡。', '/shopImg/DinTaiFung.jpg', '/shopBanner/DinTaiFung.jpg'),
(4, '饗泰多', 'siammore@test.com', '123456', '03-337-1808', '330桃園市桃園區中正路61號統領廣場號6樓', '饗泰多就是我們長期接觸現代泰國文化後，\r\n 為了提供台灣朋友與曼谷文化接軌的實踐，\r\n 希望藉由最多人相聚歡。', '/shopImg/Siammore.jpg', '/shopBanner/Siammore.jpg'),
(5, '陶板屋', 'kangyaolife@test.com', '123456', '03-280-7070', '320桃園市中壢區中山路111號2', '保留日本料理的精緻文化，和風洋食融合精神\r\n，色味俱佳的創作料理上桌，一場融合視覺、味覺的全新饗宴，', '/shopImg/Kangyaolife.jpg', '/shopBanner/Kangyaolife.jpg'),
(6, '一風堂拉麵', 'ippudo@test.com', '123456', ' 03-261-3220', '320桃園市中壢區高鐵北路一段6號', '一風堂源自日本九州豚骨拉麵之都福岡博多，\r\n由享譽國際的神級拉麵大王河原成美所創立，\r\n台灣一風堂創立於2012年，至今在台灣北、中\r\n、南各地已設立超過10家店舖，除了一般拉麵\r\n餐廳業態外，亦設立快速、便利的一風堂EXPRESS\r\n業態，以及極具特色的拉麵居酒屋業態。', '/shopImg/ippudo.jpg', '/shopBanner/ippudo.jpg'),
(7, '品田牧場', 'pinnada@test.com', '123456', '03-455-3881', '桃園市中壢區中華路二段501號2樓', '台灣最多人吃的日式豬排，現點現炸，\r\n獨創全台使用雙油槽，先低溫後高溫油炸法，\r\n鎖住肉汁美味，同時保留麵衣的酥脆站立感，\r\n皮肉外酥內嫩的完美結合，滿足全台每年超過\r\n250萬饕客味蕾(平均每10人就有1人吃過)。\r\n提供五大風味菜系，讓您品嚐豬排料理的匠心美味。', '/shopImg/Pinnada.jpg', '/shopBanner/Pinnada.jpg'),
(8, '藝奇新日本料理', 'Yichi@test.com', '123456', '03-339-8680', '330桃園市桃園區南華街60號', '汲取，日本專注細節。講究，當旬新鮮食材。\r\n添加，職人手藝創意。以靈感、巧思加持 \r\n激盪東京時尚料理新風貌', '/shopImg/Yichi.jpg', '/shopBanner/Yichi.jpg'),
(9, '麥當勞桃園', 'mcdonaldr@test.com', '123456', '03-339-868', '330桃園市桃園區中正路50號', '老字號的經典連鎖速食店，以漢堡和薯條聞名。', '/shopImg/McDonald.jpg', '/shopBanner/McDonald.jpg'),
(10, '點水樓', 'DianShuiLou@test.com', '123456', '03-222-7979', '338桃園市蘆竹區中正路1號5樓', '主打江南料理、點心，菜系遼闊又精緻，\r\n包含了杭幫、蘇幫、揚幫、滬幫、甬幫等菜\r\n式名餚。 目前已有多家分店。 南京店、\r\n懷寧店的空間尤其值得稱道，名家書畫、\r\n骨董藝品、木雕窗花和室內裝潢造景，都頗有品味。', '/shopImg/DianShuiLou.jpg', '/shopBanner/DianShuiLou.jpg'),
(11, '肯德基 桃園', 'kfcclub@test.com', '123456', '03-336-0860', '330桃園市桃園區中山路444號446號', '肯德基是源自美國的速食連鎖店， 總部設於肯塔基州路易維爾市，以炸雞為主力產品。', '/shopImg/kfc.jpg', '/shopBanner/kfc.jpg'),
(12, '漢來海港', 'Harbour@test.com', '123456', '07-412-8068', '338桃園市蘆竹區南崁路一段112號6樓', '1995年漢來美食在南台灣高雄隆重誕生，\n擁有專業的廚師與服務團隊、深厚的國際\n飯店及美食集團經營管理，堅持在地與優\n質進口食材，提供多元美食料理，以及最\n佳品質的專業服務。', '/shopImg/Harbour.jpg', '/shopBanner/Harbour.jpg'),
(13, '尼尼義大利餐廳', 'NINI@test.com', '123456', '03-222-3271', '桃園市蘆竹區南崁路一段112號', 'NINI《NATURAL自然、INITIAL獨創、NEAT純淨、IMPRESSIVE感動》我們相信用好的食材與料理方式，就能對自我和環境產生正向的改變；透過好的用餐環境，讓顧客們和我們一樣愛上這樣的生活方式。', '/shopImg/NINI.jpg', '/shopBanner/NINI.jpg'),
(14, '王品牛排', 'wowprime@test.com', '123456', '03-356-1887', '330桃園市桃園區同德五街69號3F', '台灣經典牛排，最多華人肯定牛排餐廳，\r\n一頭牛，僅供6客王品牛小排，\r\n新鮮蔬果與特殊佐料醃浸2天2夜，\r\n經歷250℃高溫，慢火烘烤1.5小時，\r\n完美展現經典牛排的香嫩風華', '/shopImg/Wowprime.jpg', '/shopBanner/Wowprime.jpg'),
(15, '貳樓', '2floor@test.com', '123456', '02-2361-0861', '台北市中正區北平西路3號2樓', '貳樓就想帶給顧客最純粹的『家的感覺』，裡面有我們希望營造的溫暖自在氛圍以及用心、創意的新美式料理。在這裡，用料理分享愛、用愛創造人情味', '/shopImg/2floor.jpg', '/shopBanner/2floor.jpg');

-- --------------------------------------------------------

--
-- 資料表結構 `shoppingcart`
--

CREATE TABLE `shoppingcart` (
  `id` int(30) NOT NULL,
  `user_id` int(30) NOT NULL,
  `group_id` int(30) NOT NULL
) ENGINE=InnoDB DEFAULT CHARSET=utf8mb4 COLLATE=utf8mb4_unicode_ci;

--
-- 傾印資料表的資料 `shoppingcart`
--

INSERT INTO `shoppingcart` (`id`, `user_id`, `group_id`) VALUES
(3, 2, 1);

-- --------------------------------------------------------

--
-- 資料表結構 `shop_and_type`
--

CREATE TABLE `shop_and_type` (
  `id` int(100) NOT NULL,
  `shop_id` int(100) NOT NULL,
  `type_id` int(3) NOT NULL
) ENGINE=InnoDB DEFAULT CHARSET=utf8mb4 COLLATE=utf8mb4_unicode_ci;

--
-- 傾印資料表的資料 `shop_and_type`
--

INSERT INTO `shop_and_type` (`id`, `shop_id`, `type_id`) VALUES
(1, 1, 2),
(2, 1, 12),
(3, 2, 2),
(4, 2, 11),
(5, 3, 2),
(6, 3, 0),
(7, 3, 11),
(8, 4, 5),
(9, 4, 11),
(10, 5, 3),
(11, 5, 11),
(12, 6, 3),
(13, 6, 11),
(14, 7, 3),
(15, 7, 11),
(16, 8, 3),
(17, 8, 11),
(18, 9, 6),
(19, 9, 11),
(20, 10, 1),
(21, 10, 2),
(22, 11, 6),
(23, 11, 11),
(24, 12, 7),
(25, 12, 12),
(26, 13, 7),
(27, 13, 11),
(28, 14, 6),
(29, 14, 11),
(30, 15, 6),
(31, 15, 11),
(32, 15, 13);

-- --------------------------------------------------------

--
-- 資料表結構 `type`
--

CREATE TABLE `type` (
  `id` int(3) NOT NULL,
  `name` varchar(30) COLLATE utf8mb4_unicode_ci NOT NULL
) ENGINE=InnoDB DEFAULT CHARSET=utf8mb4 COLLATE=utf8mb4_unicode_ci;

--
-- 傾印資料表的資料 `type`
--

INSERT INTO `type` (`id`, `name`) VALUES
(0, '中式'),
(1, '台式'),
(2, '港澳'),
(3, '日式'),
(4, '韓式'),
(5, '泰式'),
(6, '美式'),
(7, '歐式'),
(8, '燒烤'),
(9, '火鍋'),
(10, '甜點'),
(11, '套餐'),
(12, '吃到飽'),
(13, '咖啡廳');

-- --------------------------------------------------------

--
-- 資料表結構 `user`
--

CREATE TABLE `user` (
  `id` int(30) NOT NULL,
  `name` varchar(100) NOT NULL,
  `identity_card` varchar(20) NOT NULL,
  `password` varchar(30) CHARACTER SET utf8mb4 COLLATE utf8mb4_unicode_ci NOT NULL,
  `nick_name` varchar(100) NOT NULL,
  `phone` varchar(100) NOT NULL,
  `bir` date NOT NULL,
  `mail` varchar(30) NOT NULL,
  `img` int(1) UNSIGNED NOT NULL DEFAULT '1',
  `level` int(10) UNSIGNED NOT NULL DEFAULT '1',
  `create_time` datetime NOT NULL
) ENGINE=InnoDB DEFAULT CHARSET=utf8;

--
-- 傾印資料表的資料 `user`
--

INSERT INTO `user` (`id`, `name`, `identity_card`, `password`, `nick_name`, `phone`, `bir`, `mail`, `img`, `level`, `create_time`) VALUES
(1, '野比大雄', 'F123456789', '12345', '大雄', '0975136088', '1998-04-14', '0527alan.lin@gmail.com', 4, 3, '2022-04-18 20:50:51'),
(2, '野原新之助', 'H142578953', '12345', '小新', '0978153644', '1978-07-08', 'shin@shin-chan.com', 1, 3, '2022-04-19 09:01:05'),
(3, '野原美冴', 'A221047856', '12345', '大屁股麻馬', '0932156744', '1980-05-15', 'misae@shin-chan.com', 1, 4, '2022-04-19 13:41:39'),
(4, '哆啦A夢', 'H154789356', '12345', '小叮噹', '0936157428', '1995-10-23', 'doraemon@doraemon.com', 1, 1, '2022-04-19 13:43:32'),
(5, '野原廣志', 'Y154769853', '12345', '臭腳丫把拔', '0914758963', '1986-12-25', 'hiroshi@shin-chan.com', 1, 1, '2022-04-19 13:44:42'),
(6, '源靜香', 'N221698743', '12345', '靜香', '0963258419', '1996-02-18', 'shizuka@doraemon.com', 1, 4, '2022-04-19 13:47:04'),
(7, '剛田武', 'L126957413', '12345', '胖虎', '0985136489', '1995-06-15', 'takeshi@doraemon.com', 1, 3, '2022-04-19 13:49:06'),
(8, 'MiuPig', 'H126357489', '12345', '11111', '097514645', '1954-12-31', 'miu@pig.com', 1, 2, '2022-04-19 16:43:36'),
(9, 'MiuPig', 'F125984653', '12345', '1111111', '097514855', '1985-05-27', 'miu@pig.com', 1, 2, '2022-04-19 16:46:08'),
(10, 'magggie', 'F125846951', '12345', 'maggie', '0974156388', '1998-06-14', 'miu@pig.com', 1, 2, '2022-04-19 16:50:58'),
(11, '12345', 'H147523698', '12345', '123', '091456789', '1995-08-08', 'akosakposkapo@gmail.com', 1, 2, '2022-04-20 12:47:25'),
(12, '12345', 'H124596315', '12345', '12345', '097513544', '1999-01-01', 'miu', 1, 2, '2022-04-20 13:31:08'),
(13, '陶1S', 'H224591756', '12345', '陶樂比', '0975148566', '1993-09-07', 'taolebe@dreamland.com', 1, 1, '2022-04-21 17:36:12'),
(14, 'MiuMiu', 'H123456789', '12345', '小明', '97463311', '1994-05-09', 'miu@pig.com', 3, 1, '2022-04-21 17:56:36'),
(15, '你好', 'H147258369', '12345', '123', '0975154236', '1994-05-11', 'adassdaddado@gmail.com', 1, 1, '2022-06-22 16:51:15'),
(16, '曾胖', 'F123711135', '12345', '曾小胖', '0970229788', '1995-03-07', 'miufat@piggyland.com', 3, 1, '2022-06-24 12:27:24');

-- --------------------------------------------------------

--
-- 資料表結構 `user_and_coupon`
--

CREATE TABLE `user_and_coupon` (
  `id` int(30) NOT NULL,
  `coupon_id` int(30) NOT NULL,
  `user_id` int(30) NOT NULL,
  `valid` tinyint(2) NOT NULL DEFAULT '1'
) ENGINE=InnoDB DEFAULT CHARSET=utf8;

--
-- 傾印資料表的資料 `user_and_coupon`
--

INSERT INTO `user_and_coupon` (`id`, `coupon_id`, `user_id`, `valid`) VALUES
(1, 1, 3, 0),
(2, 2, 2, 0),
(3, 2, 10, 1),
(4, 2, 13, 0),
(7, 3, 1, 0),
(8, 4, 3, 0),
(9, 1, 1, 0),
(10, 1, 14, 0),
(11, 2, 1, 0),
(12, 2, 14, 1),
(13, 4, 14, 1);

-- --------------------------------------------------------

--
-- 資料表結構 `user_shop`
--

CREATE TABLE `user_shop` (
  `id` int(30) NOT NULL,
  `user_id` int(30) NOT NULL,
  `shop_id` int(30) NOT NULL
) ENGINE=InnoDB DEFAULT CHARSET=utf8mb4 COLLATE=utf8mb4_unicode_ci;

--
-- 傾印資料表的資料 `user_shop`
--

INSERT INTO `user_shop` (`id`, `user_id`, `shop_id`) VALUES
(1, 1, 10),
(2, 1, 6),
(7, 2, 3),
(8, 2, 1),
(24, 14, 1),
(25, 14, 2),
(27, 1, 5);

--
-- 已傾印資料表的索引
--

--
-- 資料表索引 `coupon`
--
ALTER TABLE `coupon`
  ADD PRIMARY KEY (`id`);

--
-- 資料表索引 `dish`
--
ALTER TABLE `dish`
  ADD PRIMARY KEY (`id`),
  ADD KEY `shop_id` (`shop_id`);

--
-- 資料表索引 `groups`
--
ALTER TABLE `groups`
  ADD PRIMARY KEY (`id`);

--
-- 資料表索引 `groups_and_dish`
--
ALTER TABLE `groups_and_dish`
  ADD PRIMARY KEY (`id`),
  ADD KEY `groups_id` (`groups_id`),
  ADD KEY `dish_id` (`dish_id`);

--
-- 資料表索引 `orders`
--
ALTER TABLE `orders`
  ADD PRIMARY KEY (`id`);

--
-- 資料表索引 `receipt`
--
ALTER TABLE `receipt`
  ADD PRIMARY KEY (`id`);

--
-- 資料表索引 `shop`
--
ALTER TABLE `shop`
  ADD PRIMARY KEY (`id`);

--
-- 資料表索引 `shoppingcart`
--
ALTER TABLE `shoppingcart`
  ADD PRIMARY KEY (`id`);

--
-- 資料表索引 `shop_and_type`
--
ALTER TABLE `shop_and_type`
  ADD PRIMARY KEY (`id`);

--
-- 資料表索引 `type`
--
ALTER TABLE `type`
  ADD PRIMARY KEY (`id`);

--
-- 資料表索引 `user`
--
ALTER TABLE `user`
  ADD PRIMARY KEY (`id`);

--
-- 資料表索引 `user_and_coupon`
--
ALTER TABLE `user_and_coupon`
  ADD PRIMARY KEY (`id`),
  ADD KEY `coupon_id` (`coupon_id`),
  ADD KEY `user_id` (`user_id`);

--
-- 資料表索引 `user_shop`
--
ALTER TABLE `user_shop`
  ADD PRIMARY KEY (`id`);

--
-- 在傾印的資料表使用自動遞增(AUTO_INCREMENT)
--

--
-- 使用資料表自動遞增(AUTO_INCREMENT) `coupon`
--
ALTER TABLE `coupon`
  MODIFY `id` int(30) UNSIGNED NOT NULL AUTO_INCREMENT, AUTO_INCREMENT=5;

--
-- 使用資料表自動遞增(AUTO_INCREMENT) `dish`
--
ALTER TABLE `dish`
  MODIFY `id` int(30) NOT NULL AUTO_INCREMENT, AUTO_INCREMENT=90;

--
-- 使用資料表自動遞增(AUTO_INCREMENT) `groups`
--
ALTER TABLE `groups`
  MODIFY `id` int(5) UNSIGNED NOT NULL AUTO_INCREMENT, AUTO_INCREMENT=61;

--
-- 使用資料表自動遞增(AUTO_INCREMENT) `groups_and_dish`
--
ALTER TABLE `groups_and_dish`
  MODIFY `id` int(30) NOT NULL AUTO_INCREMENT, AUTO_INCREMENT=191;

--
-- 使用資料表自動遞增(AUTO_INCREMENT) `orders`
--
ALTER TABLE `orders`
  MODIFY `id` int(30) NOT NULL AUTO_INCREMENT, AUTO_INCREMENT=131;

--
-- 使用資料表自動遞增(AUTO_INCREMENT) `receipt`
--
ALTER TABLE `receipt`
  MODIFY `id` int(11) NOT NULL AUTO_INCREMENT, AUTO_INCREMENT=24;

--
-- 使用資料表自動遞增(AUTO_INCREMENT) `shop`
--
ALTER TABLE `shop`
  MODIFY `id` int(3) NOT NULL AUTO_INCREMENT, AUTO_INCREMENT=16;

--
-- 使用資料表自動遞增(AUTO_INCREMENT) `shoppingcart`
--
ALTER TABLE `shoppingcart`
  MODIFY `id` int(30) NOT NULL AUTO_INCREMENT, AUTO_INCREMENT=9;

--
-- 使用資料表自動遞增(AUTO_INCREMENT) `shop_and_type`
--
ALTER TABLE `shop_and_type`
  MODIFY `id` int(100) NOT NULL AUTO_INCREMENT, AUTO_INCREMENT=33;

--
-- 使用資料表自動遞增(AUTO_INCREMENT) `type`
--
ALTER TABLE `type`
  MODIFY `id` int(3) NOT NULL AUTO_INCREMENT, AUTO_INCREMENT=14;

--
-- 使用資料表自動遞增(AUTO_INCREMENT) `user`
--
ALTER TABLE `user`
  MODIFY `id` int(30) NOT NULL AUTO_INCREMENT, AUTO_INCREMENT=17;

--
-- 使用資料表自動遞增(AUTO_INCREMENT) `user_and_coupon`
--
ALTER TABLE `user_and_coupon`
  MODIFY `id` int(30) NOT NULL AUTO_INCREMENT, AUTO_INCREMENT=14;

--
-- 使用資料表自動遞增(AUTO_INCREMENT) `user_shop`
--
ALTER TABLE `user_shop`
  MODIFY `id` int(30) NOT NULL AUTO_INCREMENT, AUTO_INCREMENT=28;
COMMIT;

/*!40101 SET CHARACTER_SET_CLIENT=@OLD_CHARACTER_SET_CLIENT */;
/*!40101 SET CHARACTER_SET_RESULTS=@OLD_CHARACTER_SET_RESULTS */;
/*!40101 SET COLLATION_CONNECTION=@OLD_COLLATION_CONNECTION */;
